{
  "Bali": {
    "ibu_kota": "Denpasar",
    "kabupaten": [
      "Kabupaten Badung",
      "Kabupaten Bangli",
      "Kabupaten Buleleng",
      "Kabupaten Gianyar",
      "Kabupaten Jembrana",
      "Kabupaten Karangasem",
      "Kabupaten Klungkung",
      "Kabupaten Tabanan"
    ],
    "kota": [
      "Kota Denpasar"
    ]
  },
  "Banten": {
    "ibu_kota": "Serang",
    "kabupaten": [
      "Kabupaten Lebak",
      "Kabupaten Pandeglang",
      "Kabupaten Serang",
      "Kabupaten Tangerang"
    ],
    "kota": [
      "Kota Serang",
      "Kota Cilegon",
      "Kota Tangerang",
      "Kota Tangerang Selatan"
    ]
  },
  "Bengkulu": {
    "ibu_kota": "Bengkulu",
    "kabupaten": [
      "Kabupaten Bengkulu Selatan",
      "Kabupaten Bengkulu Tengah",
      "Kabupaten Bengkulu Utara",
      "Kabupaten Kaur",
      "Kabupaten Kepahiang",
      "Kabupaten Lebong",
      "Kabupaten Mukomuko",
      "Kabupaten Rejang Lebong",
      "Kabupaten Seluma"
    ],
    "kota": [
      "Kota Bengkulu"
    ]
  },
  "DKI Jakarta": {
    "ibu_kota": "Jakarta",
    "kabupaten": [
      "Kabupaten Administrasi Kepulauan Seribu"
    ],
    "kota": [
      "Kota Administrasi Jakarta Barat",
      "Kota Administrasi Jakarta Pusat",
      "Kota Administrasi Jakarta Selatan",
      "Kota Administrasi Jakarta Timur",
      "Kota Administrasi Jakarta Utara"
    ]
  },
  "Daerah Istimewa Yogyakarta": {
    "ibu_kota": "Yogyakarta",
    "kabupaten": [
      "Kabupaten Bantul",
      "Kabupaten Gunungkidul",
      "Kabupaten Kulon Progo",
      "Kabupaten Sleman"
    ],
    "kota": [
      "Kota Yogyakarta"
    ]
  },
  "Gorontalo": {
    "ibu_kota": "Gorontalo",
    "kabupaten": [
      "Kabupaten Boalemo",
      "Kabupaten Bone Bolango",
      "Kabupaten Gorontalo",
      "Kabupaten Gorontalo Utara",
      "Kabupaten Pohuwato"
    ],
    "kota": [
      "Kota Gorontalo"
    ]
  },
  "Jambi": {
    "ibu_kota": "Jambi",
    "kabupaten": [
      "Kabupaten Batanghari",
      "Kabupaten Bungo",
      "Kabupaten Kerinci",
      "Kabupaten Merangin",
      "Kabupaten Muaro Jambi",
      "Kabupaten Sarolangun",
      "Kabupaten Tanjung Jabung Barat",
      "Kabupaten Tanjung Jabung Timur",
      "Kabupaten Tebo"
    ],
    "kota": [
      "Kota Jambi",
      "Kota Sungai Penuh"
    ]
  },
  "Jawa Barat": {
    "ibu_kota": "Bandung",
    "kabupaten": [
      "Kabupaten Bandung",
      "Kabupaten Bandung Barat",
      "Kabupaten Bekasi",
      "Kabupaten Bogor",
      "Kabupaten Ciamis",
      "Kabupaten Cianjur",
      "Kabupaten Cirebon",
      "Kabupaten Garut",
      "Kabupaten Indramayu",
      "Kabupaten Karawang",
      "Kabupaten Kuningan",
      "Kabupaten Majalengka",
      "Kabupaten Pangandaran",
      "Kabupaten Purwakarta",
      "Kabupaten Subang",
      "Kabupaten Sukabumi",
      "Kabupaten Sumedang",
      "Kabupaten Tasikmalaya"
    ],
    "kota": [
      "Kota Bandung",
      "Kota Bekasi",
      "Kota Bogor",
      "Kota Cimahi",
      "Kota Cirebon",
      "Kota Depok",
      "Kota Sukabumi",
      "Kota Tasikmalaya",
      "Kota Banjar"
    ]
  },
  "Jawa Tengah": {
    "ibu_kota": "Semarang",
    "kabupaten": [
      "Kabupaten Banjarnegara",
      "Kabupaten Banyumas",
      "Kabupaten Batang",
      "Kabupaten Blora",
      "Kabupaten Boyolali",
      "Kabupaten Brebes",
      "Kabupaten Cilacap",
      "Kabupaten Demak",
      "Kabupaten Grobogan",
      "Kabupaten Jepara",
      "Kabupaten Karanganyar",
      "Kabupaten Kebumen",
      "Kabupaten Kendal",
      "Kabupaten Klaten",
      "Kabupaten Kudus",
      "Kabupaten Magelang",
      "Kabupaten Pati",
      "Kabupaten Pekalongan",
      "Kabupaten Pemalang",
      "Kabupaten Purbalingga",
      "Kabupaten Purworejo",
      "Kabupaten Rembang",
      "Kabupaten Semarang",
      "Kabupaten Sragen",
      "Kabupaten Sukoharjo",
      "Kabupaten Tegal",
      "Kabupaten Temanggung",
      "Kabupaten Wonogiri",
      "Kabupaten Wonosobo"
    ],
    "kota": [
      "Kota Semarang",
      "Kota Magelang",
      "Kota Pekalongan",
      "Kota Salatiga",
      "Kota Surakarta",
      "Kota Tegal"
    ]
  },
  "Jawa Timur": {
    "ibu_kota": "Surabaya",
    "kabupaten": [
      "Kabupaten Bangkalan",
      "Kabupaten Banyuwangi",
      "Kabupaten Blitar",
      "Kabupaten Bojonegoro",
      "Kabupaten Bondowoso",
      "Kabupaten Gresik",
      "Kabupaten Jember",
      "Kabupaten Jombang",
      "Kabupaten Kediri",
      "Kabupaten Lamongan",
      "Kabupaten Lumajang",
      "Kabupaten Madiun",
      "Kabupaten Magetan",
      "Kabupaten Malang",
      "Kabupaten Mojokerto",
      "Kabupaten Nganjuk",
      "Kabupaten Ngawi",
      "Kabupaten Pacitan",
      "Kabupaten Pamekasan",
      "Kabupaten Pasuruan",
      "Kabupaten Ponorogo",
      "Kabupaten Probolinggo",
      "Kabupaten Sampang",
      "Kabupaten Sidoarjo",
      "Kabupaten Situbondo",
      "Kabupaten Sumenep",
      "Kabupaten Trenggalek",
      "Kabupaten Tuban",
      "Kabupaten Tulungagung"
    ],
    "kota": [
      "Kota Surabaya",
      "Kota Batu",
      "Kota Blitar",
      "Kota Kediri",
      "Kota Madiun",
      "Kota Malang",
      "Kota Mojokerto",
      "Kota Pasuruan",
      "Kota Probolinggo"
    ]
  },
  "Kalimantan Barat": {
    "ibu_kota": "Pontianak",
    "kabupaten": [
      "Kabupaten Bengkayang",
      "Kabupaten Kapuas Hulu",
      "Kabupaten Kayong Utara",
      "Kabupaten Ketapang",
      "Kabupaten Kubu Raya",
      "Kabupaten Landak",
      "Kabupaten Melawi",
      "Kabupaten Mempawah",
      "Kabupaten Sambas",
      "Kabupaten Sanggau",
      "Kabupaten Sekadau",
      "Kabupaten Sintang"
    ],
    "kota": [
      "Kota Pontianak",
      "Kota Singkawang"
    ]
  },
  "Kalimantan Selatan": {
    "ibu_kota": "Banjarmasin",
    "kabupaten": [
      "Kabupaten Balangan",
      "Kabupaten Banjar",
      "Kabupaten Barito Kuala",
      "Kabupaten Hulu Sungai Selatan",
      "Kabupaten Hulu Sungai Tengah",
      "Kabupaten Hulu Sungai Utara",
      "Kabupaten Kotabaru",
      "Kabupaten Tabalong",
      "Kabupaten Tanah Bumbu",
      "Kabupaten Tanah Laut",
      "Kabupaten Tapin"
    ],
    "kota": [
      "Kota Banjarmasin",
      "Kota Banjarbaru"
    ]
  },
  "Kalimantan Tengah": {
    "ibu_kota": "Palangkaraya",
    "kabupaten": [
      "Kabupaten Barito Selatan",
      "Kabupaten Barito Timur",
      "Kabupaten Barito Utara",
      "Kabupaten Gunung Mas",
      "Kabupaten Kapuas",
      "Kabupaten Katingan",
      "Kabupaten Kotawaringin Barat",
      "Kabupaten Kotawaringin Timur",
      "Kabupaten Lamandau",
      "Kabupaten Murung Raya",
      "Kabupaten Pulang Pisau",
      "Kabupaten Sukamara",
      "Kabupaten Seruyan"
    ],
    "kota": [
      "Kota Palangkaraya"
    ]
  },
  "Kalimantan Timur": {
    "ibu_kota": "Samarinda",
    "kabupaten": [
      "Kabupaten Berau",
      "Kabupaten Kutai Barat",
      "Kabupaten Kutai Kartanegara",
      "Kabupaten Kutai Timur",
      "Kabupaten Mahakam Ulu",
      "Kabupaten Paser",
      "Kabupaten Penajam Paser Utara"
    ],
    "kota": [
      "Kota Samarinda",
      "Kota Balikpapan",
      "Kota Bontang"
    ]
  },
  "Kalimantan Utara": {
    "ibu_kota": "Tanjung Selor",
    "kabupaten": [
      "Kabupaten Bulungan",
      "Kabupaten Malinau",
      "Kabupaten Nunukan",
      "Kabupaten Tana Tidung"
    ],
    "kota": [
      "Kota Tarakan"
    ]
  },
  "Kepulauan Bangka Belitung": {
    "ibu_kota": "Pangkal Pinang",
    "kabupaten": [
      "Kabupaten Bangka",
      "Kabupaten Bangka Barat",
      "Kabupaten Bangka Selatan",
      "Kabupaten Bangka Tengah",
      "Kabupaten Belitung",
      "Kabupaten Belitung Timur"
    ],
    "kota": [
      "Kota Pangkal Pinang"
    ]
  },
  "Kepulauan Riau": {
    "ibu_kota": "Tanjung Pinang",
    "kabupaten": [
      "Kabupaten Bintan",
      "Kabupaten Karimun",
      "Kabupaten Kepulauan Anambas",
      "Kabupaten Lingga",
      "Kabupaten Natuna"
    ],
    "kota": [
      "Kota Tanjung Pinang",
      "Kota Batam"
    ]
  },
  "Lampung": {
    "ibu_kota": "Bandar Lampung",
    "kabupaten": [
      "Kabupaten Lampung Barat",
      "Kabupaten Lampung Selatan",
      "Kabupaten Lampung Tengah",
      "Kabupaten Lampung Timur",
      "Kabupaten Lampung Utara",
      "Kabupaten Mesuji",
      "Kabupaten Pesawaran",
      "Kabupaten Pesisir Barat",
      "Kabupaten Pringsewu",
      "Kabupaten Tanggamus",
      "Kabupaten Tulang Bawang",
      "Kabupaten Tulang Bawang Barat",
      "Kabupaten Way Kanan"
    ],
    "kota": [
      "Kota Bandar Lampung",
      "Kota Metro"
    ]
  },
  "Maluku": {
    "ibu_kota": "Ambon",
    "kabupaten": [
      "Kabupaten Buru",
      "Kabupaten Buru Selatan",
      "Kabupaten Kepulauan Aru",
      "Kabupaten Maluku Barat Daya",
      "Kabupaten Maluku Tengah",
      "Kabupaten Maluku Tenggara",
      "Kabupaten Maluku Tenggara Barat",
      "Kabupaten Seram Bagian Barat",
      "Kabupaten Seram Bagian Timur"
    ],
    "kota": [
      "Kota Ambon",
      "Kota Tual"
    ]
  },
  "Maluku Utara": {
    "ibu_kota": "Sofifi",
    "kabupaten": [
      "Kabupaten Halmahera Barat",
      "Kabupaten Halmahera Selatan",
      "Kabupaten Halmahera Tengah",
      "Kabupaten Halmahera Timur",
      "Kabupaten Halmahera Utara",
      "Kabupaten Kepulauan Sula",
      "Kabupaten Pulau Morotai",
      "Kabupaten Pulau Taliabu"
    ],
    "kota": [
      "Kota Ternate",
      "Kota Tidore Kepulauan"
    ]
  },
  "Nanggroe Aceh Darussalam": {
    "ibu_kota": "Banda Aceh",
    "kabupaten": [
      "Kabupaten Aceh Besar",
      "Kabupaten Aceh Barat",
      "Kabupaten Aceh Selatan",
      "Kabupaten Aceh Timur",
      "Kabupaten Aceh Tengah",
      "Kabupaten Aceh Utara",
      "Kabupaten Aceh Barat Daya",
      "Kabupaten Aceh Tenggara",
      "Kabupaten Aceh Tamiang",
      "Kabupaten Aceh Jaya",
      "Kabupaten Aceh Singkil",
      "Kabupaten Bireuen",
      "Kabupaten Gayo Lues",
      "Kabupaten Nagan Raya",
      "Kabupaten Pidie",
      "Kabupaten Pidie Jaya",
      "Kabupaten Simeulue",
      "Kabupaten Bener Meriah"
    ],
    "kota": [
      "Kota Banda Aceh",
      "Kota Langsa",
      "Kota Lhokseumawe",
      "Kota Sabang",
      "Kota Subulussalam"
    ]
  },
  "Nusa Tenggara Barat": {
    "ibu_kota": "Mataram",
    "kabupaten": [
      "Kabupaten Bima",
      "Kabupaten Dompu",
      "Kabupaten Lombok Barat",
      "Kabupaten Lombok Tengah",
      "Kabupaten Lombok Timur",
      "Kabupaten Lombok Utara",
      "Kabupaten Sumbawa",
      "Kabupaten Sumbawa Barat"
    ],
    "kota": [
      "Kota Mataram",
      "Kota Bima"
    ]
  },
  "Nusa Tenggara Timur": {
    "ibu_kota": "Kupang",
    "kabupaten": [
      "Kabupaten Alor",
      "Kabupaten Belu",
      "Kabupaten Ende",
      "Kabupaten Flores Timur",
      "Kabupaten Kupang",
      "Kabupaten Lembata",
      "Kabupaten Manggarai",
      "Kabupaten Manggarai Barat",
      "Kabupaten Manggarai Timur",
      "Kabupaten Nagekeo",
      "Kabupaten Ngada",
      "Kabupaten Rote Ndao",
      "Kabupaten Sabu Raijua",
      "Kabupaten Sikka",
      "Kabupaten Sumba Barat",
      "Kabupaten Sumba Barat Daya",
      "Kabupaten Sumba Tengah",
      "Kabupaten Sumba Timur",
      "Kabupaten Timor Tengah Selatan",
      "Kabupaten Timor Tengah Utara",
      "Kabupaten Malaka"
    ],
    "kota": [
      "Kota Kupang"
    ]
  },
  "Papua": {
    "ibu_kota": "Jayapura",
    "kabupaten": [
      "Kabupaten Biak Numfor",
      "Kabupaten Jayapura",
      "Kabupaten Keerom",
      "Kabupaten Mamberamo Raya",
      "Kabupaten Sarmi",
      "Kabupaten Supiori",
      "Kabupaten Waropen",
      "Kabupaten Yapen Kepulauan"
    ],
    "kota": [
      "Kota Jayapura"
    ]
  },
  "Papua Barat": {
    "ibu_kota": "Manokwari",
    "kabupaten": [
      "Kabupaten Fakfak",
      "Kabupaten Kaimana",
      "Kabupaten Manokwari",
      "Kabupaten Manokwari Selatan",
      "Kabupaten Pegunungan Arfak",
      "Kabupaten Raja Ampat",
      "Kabupaten Teluk Bintuni"
    ],
    "kota": []
  },
  "Papua Barat Daya": {
    "ibu_kota": "Sorong",
    "kabupaten": [
      "Kabupaten Maybrat",
      "Kabupaten Raja Ampat",
      "Kabupaten Sorong",
      "Kabupaten Sorong Selatan",
      "Kabupaten Tambrauw"
    ],
    "kota": [
      "Kota Sorong"
    ]
  },
  "Papua Pegunungan": {
    "ibu_kota": "Jayawijaya",
    "kabupaten": [
      "Kabupaten Jayawijaya",
      "Kabupaten Lanny Jaya",
      "Kabupaten Mamberamo Tengah",
      "Kabupaten Nduga",
      "Kabupaten Pegunungan Bintang",
      "Kabupaten Tolikara",
      "Kabupaten Yahukimo",
      "Kabupaten Yalimo"
    ],
    "kota": []
  },
  "Papua Selatan": {
    "ibu_kota": "Merauke",
    "kabupaten": [
      "Kabupaten Asmat",
      "Kabupaten Boven Digoel",
      "Kabupaten Mappi",
      "Kabupaten Merauke"
    ],
    "kota": []
  },
  "Papua Tengah": {
    "ibu_kota": "Nabire",
    "kabupaten": [
      "Kabupaten Deiyai",
      "Kabupaten Dogiyai",
      "Kabupaten Intan Jaya",
      "Kabupaten Mimika",
      "Kabupaten Nabire",
      "Kabupaten Paniai",
      "Kabupaten Puncak",
      "Kabupaten Puncak Jaya"
    ],
    "kota": []
  },
  "Riau": {
    "ibu_kota": "Pekanbaru",
    "kabupaten": [
      "Kabupaten Bengkalis",
      "Kabupaten Indragiri Hilir",
      "Kabupaten Indragiri Hulu",
      "Kabupaten Kampar",
      "Kabupaten Kepulauan Meranti",
      "Kabupaten Kuantan Singingi",
      "Kabupaten Pelalawan",
      "Kabupaten Rokan Hilir",
      "Kabupaten Rokan Hulu",
      "Kabupaten Siak"
    ],
    "kota": [
      "Kota Pekanbaru",
      "Kota Dumai"
    ]
  },
  "Sulawesi Barat": {
    "ibu_kota": "Mamuju",
    "kabupaten": [
      "Kabupaten Majene",
      "Kabupaten Mamasa",
      "Kabupaten Mamuju",
      "Kabupaten Mamuju Tengah",
      "Kabupaten Mamuju Utara",
      "Kabupaten Polewali Mandar"
    ],
    "kota": []
  },
  "Sulawesi Selatan": {
    "ibu_kota": "Makassar",
    "kabupaten": [
      "Kabupaten Bantaeng",
      "Kabupaten Barru",
      "Kabupaten Bone",
      "Kabupaten Bulukumba",
      "Kabupaten Enrekang",
      "Kabupaten Gowa",
      "Kabupaten Jeneponto",
      "Kabupaten Kepulauan Selayar",
      "Kabupaten Luwu",
      "Kabupaten Luwu Timur",
      "Kabupaten Luwu Utara",
      "Kabupaten Maros",
      "Kabupaten Pangkajene dan Kepulauan",
      "Kabupaten Pinrang",
      "Kabupaten Sidenreng Rappang",
      "Kabupaten Sinjai",
      "Kabupaten Soppeng",
      "Kabupaten Takalar",
      "Kabupaten Tana Toraja",
      "Kabupaten Toraja Utara",
      "Kabupaten Wajo"
    ],
    "kota": [
      "Kota Makassar",
      "Kota Palopo",
      "Kota Parepare"
    ]
  },
  "Sulawesi Tengah": {
    "ibu_kota": "Palu",
    "kabupaten": [
      "Kabupaten Banggai",
      "Kabupaten Banggai Kepulauan",
      "Kabupaten Banggai Laut",
      "Kabupaten Buol",
      "Kabupaten Donggala",
      "Kabupaten Morowali",
      "Kabupaten Morowali Utara",
      "Kabupaten Parigi Moutong",
      "Kabupaten Poso",
      "Kabupaten Sigi",
      "Kabupaten Tojo Una-Una",
      "Kabupaten Tolitoli"
    ],
    "kota": [
      "Kota Palu"
    ]
  },
  "Sulawesi Tenggara": {
    "ibu_kota": "Kendari",
    "kabupaten": [
      "Kabupaten Bombana",
      "Kabupaten Buton",
      "Kabupaten Buton Selatan",
      "Kabupaten Buton Tengah",
      "Kabupaten Buton Utara",
      "Kabupaten Kolaka",
      "Kabupaten Kolaka Timur",
      "Kabupaten Kolaka Utara",
      "Kabupaten Konawe",
      "Kabupaten Konawe Kepulauan",
      "Kabupaten Konawe Selatan",
      "Kabupaten Konawe Utara",
      "Kabupaten Muna",
      "Kabupaten Muna Barat",
      "Kabupaten Wakatobi"
    ],
    "kota": [
      "Kota Kendari",
      "Kota Bau-Bau"
    ]
  },
  "Sulawesi Utara": {
    "ibu_kota": "Manado",
    "kabupaten": [
      "Kabupaten Bolaang Mongondow",
      "Kabupaten Bolaang Mongondow Selatan",
      "Kabupaten Bolaang Mongondow Timur",
      "Kabupaten Bolaang Mongondow Utara",
      "Kabupaten Kepulauan Sangihe",
      "Kabupaten Kepulauan Siau Tagulandang Biaro",
      "Kabupaten Kepulauan Talaud",
      "Kabupaten Minahasa",
      "Kabupaten Minahasa Selatan",
      "Kabupaten Minahasa Tenggara",
      "Kabupaten Minahasa Utara"
    ],
    "kota": [
      "Kota Manado",
      "Kota Bitung",
      "Kota Kotamobagu",
      "Kota Tomohon"
    ]
  },
  "Sumatera Barat": {
    "ibu_kota": "Padang",
    "kabupaten": [
      "Kabupaten Agam",
      "Kabupaten Dharmasraya",
      "Kabupaten Kepulauan Mentawai",
      "Kabupaten Lima Puluh Kota",
      "Kabupaten Padang Pariaman",
      "Kabupaten Pasaman",
      "Kabupaten Pasaman Barat",
      "Kabupaten Pesisir Selatan",
      "Kabupaten Sijunjung",
      "Kabupaten Solok",
      "Kabupaten Solok Selatan",
      "Kabupaten Tanah Datar"
    ],
    "kota": [
      "Kota Padang",
      "Kota Bukittinggi",
      "Kota Padangpanjang",
      "Kota Pariaman",
      "Kota Payakumbuh",
      "Kota Sawahlunto",
      "Kota Solok"
    ]
  },
  "Sumatera Selatan": {
    "ibu_kota": "Palembang",
    "kabupaten": [
      "Kabupaten Banyuasin",
      "Kabupaten Empat Lawang",
      "Kabupaten Lahat",
      "Kabupaten Muara Enim",
      "Kabupaten Musi Banyuasin",
      "Kabupaten Musi Rawas",
      "Kabupaten Musi Rawas Utara",
      "Kabupaten Ogan Ilir",
      "Kabupaten Ogan Komering Ilir",
      "Kabupaten Ogan Komering Ulu",
      "Kabupaten Ogan Komering Ulu Selatan",
      "Kabupaten Ogan Komering Ulu Timur",
      "Kabupaten Penukal Abab Lematang Ilir"
    ],
    "kota": [
      "Kota Palembang",
      "Kota Lubuklinggau",
      "Kota Pagar Alam",
      "Kota Prabumulih"
    ]
  },
  "Sumatera Utara": {
    "ibu_kota": "Medan",
    "kabupaten": [
      "Kabupaten Asahan",
      "Kabupaten Batubara",
      "Kabupaten Dairi",
      "Kabupaten Deli Serdang",
      "Kabupaten Humbang Hasundutan",
      "Kabupaten Karo",
      "Kabupaten Labuhanbatu",
      "Kabupaten Labuhanbatu Selatan",
      "Kabupaten Labuhanbatu Utara",
      "Kabupaten Langkat",
      "Kabupaten Mandailing Natal",
      "Kabupaten Nias",
      "Kabupaten Nias Barat",
      "Kabupaten Nias Selatan",
      "Kabupaten Nias Utara",
      "Kabupaten Padang Lawas",
      "Kabupaten Padang Lawas Utara",
      "Kabupaten Pakpak Bharat",
      "Kabupaten Samosir",
      "Kabupaten Serdang Bedagai",
      "Kabupaten Simalungun",
      "Kabupaten Tapanuli Selatan",
      "Kabupaten Tapanuli Tengah",
      "Kabupaten Tapanuli Utara",
      "Kabupaten Toba"
    ],
    "kota": [
      "Kota Medan",
      "Kota Binjai",
      "Kota Gunungsitoli",
      "Kota Padangsidimpuan",
      "Kota Pematangsiantar",
      "Kota Sibolga",
      "Kota Tanjungbalai",
      "Kota Tebing Tinggi"
    ]
  }
}